group_label,sum_p99_blocking_ms,sum_p99_prefill_ms,sum_p99_remaining_ms,sum_p99_total_components_ms
Group1 (limit=24576),2251594.5020689685,956349.1774270078,58081.713193000054,3266025.392688976
Group2 (limit=12288),2222966.6273479527,404575.79479104606,58117.088732956516,2685659.510871955
