group_label,sum_p99_blocking_ms,sum_p99_prefill_ms,sum_p99_remaining_ms,sum_p99_total_components_ms
Group1 (limit=24576),2775840.6151273698,1100531.3388838533,94970.88972519322,3971342.8437364167
Group2 (limit=12288),2775549.0169423954,433169.3228251188,81133.57767482533,3289851.9174423395
